{"initial_reset_timestamp": 1574389788.8135324, "timestamps": [1574389790.1552134], "episode_lengths": [56], "episode_rewards": [56.0], "episode_types": ["t"]}